{
	"configs" : [
		{
			"remarks" : "RUS[俄罗斯.伯力B][G口] - 443",
			"id" : "6B701C126770A716F9AFD9F32CE7F7AE",
			"server" : "185.209.84.143",
			"server_port" : 443,
			"server_udp_port" : 0,
			"password" : "3jE7Kf",
			"method" : "chacha20",
			"protocol" : "auth_aes128_sha1",
			"protocolparam" : "441:Ui5sWo",
			"obfs" : "tls1.2_ticket_auth",
			"obfsparam" : "c3a70441.baidu.com",
			"remarks_base64" : "UlVTW-S_hOe9l-aWry7kvK_liptCXVtH5Y-jXSAtIDQ0Mw",
			"group" : "自由飞翔 - 单端口",
			"enable" : true,
			"udp_over_tcp" : false
		},
		{
			"remarks" : "SG[新加坡A][100M] - 443",
			"id" : "5AE35A4E4E50DEF06D7988FB521C9B39",
			"server" : "103.208.85.56",
			"server_port" : 443,
			"server_udp_port" : 0,
			"password" : "3jE7Kf",
			"method" : "chacha20",
			"protocol" : "auth_aes128_sha1",
			"protocolparam" : "441:Ui5sWo",
			"obfs" : "tls1.2_ticket_auth",
			"obfsparam" : "c3a70441.baidu.com",
			"remarks_base64" : "U0db5paw5Yqg5Z2hQV1bMTAwTV0gLSA0NDM",
			"group" : "自由飞翔 - 单端口",
			"enable" : true,
			"udp_over_tcp" : false
		},
		{
			"remarks" : "US[美国B][G口,CN2-GIA] - 443",
			"id" : "95B7C5CED88D8F5CD29CEBA0B19103A0",
			"server" : "103.101.153.121",
			"server_port" : 443,
			"server_udp_port" : 0,
			"password" : "3jE7Kf",
			"method" : "chacha20",
			"protocol" : "auth_aes128_sha1",
			"protocolparam" : "441:Ui5sWo",
			"obfs" : "tls1.2_ticket_auth",
			"obfsparam" : "c3a70441.baidu.com",
			"remarks_base64" : "VVNb576O5Zu9Ql1bR-WPoyxDTjItR0lBXSAtIDQ0Mw",
			"group" : "自由飞翔 - 单端口",
			"enable" : true,
			"udp_over_tcp" : false
		},
		{
			"remarks" : "US[美国C][100M,CN2-GIA] - 443",
			"id" : "3CDEA2B851780F34496F0B6F54A7FC70",
			"server" : "103.94.185.18",
			"server_port" : 443,
			"server_udp_port" : 0,
			"password" : "3jE7Kf",
			"method" : "chacha20",
			"protocol" : "auth_aes128_sha1",
			"protocolparam" : "441:Ui5sWo",
			"obfs" : "tls1.2_ticket_auth",
			"obfsparam" : "c3a70441.baidu.com",
			"remarks_base64" : "VVNb576O5Zu9Q11bMTAwTSxDTjItR0lBXSAtIDQ0Mw",
			"group" : "自由飞翔 - 单端口",
			"enable" : true,
			"udp_over_tcp" : false
		},
		{
			"remarks" : "RUS[俄罗斯.伯力B][G口]",
			"id" : "8C39E2E360C76752D347F1F351AFC504",
			"server" : "185.209.84.143",
			"server_port" : 15212,
			"server_udp_port" : 0,
			"password" : "Ui5sWo",
			"method" : "chacha20",
			"protocol" : "auth_sha1_v4",
			"protocolparam" : "",
			"obfs" : "tls1.2_ticket_auth",
			"obfsparam" : "v.qq.com",
			"remarks_base64" : "UlVTW-S_hOe9l-aWry7kvK_liptCXVtH5Y-jXQ",
			"group" : "自由飞翔",
			"enable" : true,
			"udp_over_tcp" : false
		},
		{
			"remarks" : "SG[新加坡A][100M]",
			"id" : "F0DAC2598512CEDDF49CD13D1E0E16FB",
			"server" : "103.208.85.56",
			"server_port" : 15212,
			"server_udp_port" : 0,
			"password" : "Ui5sWo",
			"method" : "chacha20",
			"protocol" : "auth_sha1_v4",
			"protocolparam" : "",
			"obfs" : "tls1.2_ticket_auth",
			"obfsparam" : "v.qq.com",
			"remarks_base64" : "U0db5paw5Yqg5Z2hQV1bMTAwTV0",
			"group" : "自由飞翔",
			"enable" : true,
			"udp_over_tcp" : false
		},
		{
			"remarks" : "US[美国B][G口,CN2-GIA]",
			"id" : "4848EEA4C401565B156798086179D58C",
			"server" : "103.101.153.121",
			"server_port" : 15212,
			"server_udp_port" : 0,
			"password" : "Ui5sWo",
			"method" : "chacha20",
			"protocol" : "auth_sha1_v4",
			"protocolparam" : "",
			"obfs" : "tls1.2_ticket_auth",
			"obfsparam" : "v.qq.com",
			"remarks_base64" : "VVNb576O5Zu9Ql1bR-WPoyxDTjItR0lBXQ",
			"group" : "自由飞翔",
			"enable" : true,
			"udp_over_tcp" : false
		},
		{
			"remarks" : "US[美国C][100M,CN2-GIA]",
			"id" : "925C9E7BFB4D2E3B851CD38D98CAFED2",
			"server" : "103.94.185.18",
			"server_port" : 15212,
			"server_udp_port" : 0,
			"password" : "Ui5sWo",
			"method" : "chacha20",
			"protocol" : "auth_sha1_v4",
			"protocolparam" : "",
			"obfs" : "tls1.2_ticket_auth",
			"obfsparam" : "v.qq.com",
			"remarks_base64" : "VVNb576O5Zu9Q11bMTAwTSxDTjItR0lBXQ",
			"group" : "自由飞翔",
			"enable" : true,
			"udp_over_tcp" : false
		}
	],
	"index" : 0,
	"random" : true,
	"sysProxyMode" : 2,
	"shareOverLan" : false,
	"localPort" : 1080,
	"localAuthPassword" : "kkQ2eYiC4yYqS5kLc-U5",
	"dnsServer" : "",
	"reconnectTimes" : 2,
	"randomAlgorithm" : 2,
	"randomInGroup" : false,
	"TTL" : 0,
	"connectTimeout" : 5,
	"proxyRuleMode" : 16,
	"proxyEnable" : false,
	"pacDirectGoProxy" : false,
	"proxyType" : 0,
	"proxyHost" : "",
	"proxyPort" : 0,
	"proxyAuthUser" : "",
	"proxyAuthPass" : "",
	"proxyUserAgent" : "",
	"authUser" : "",
	"authPass" : "",
	"autoBan" : false,
	"sameHostForSameTarget" : false,
	"keepVisitTime" : 180,
	"isHideTips" : false,
	"nodeFeedAutoUpdate" : true,
	"serverSubscribes" : [
		{
			"URL" : "https://www.freefly.top/link/1z65q78kdpIjiovi?mu=1",
			"Group" : "自由飞翔 - 单端口"
		}
	],
	"token" : {

	},
	"portMap" : {

	}
}