{
	"23.105.192.34" : {
		"totalUploadBytes" : 4254454,
		"totalDownloadBytes" : 27493389
	},
	"ru.haizei.site" : {
		"totalUploadBytes" : 25424036,
		"totalDownloadBytes" : 216775708
	},
	"86.110.117.139" : {
		"totalUploadBytes" : 9946025,
		"totalDownloadBytes" : 21891044
	},
	"202.81.242.175" : {
		"totalUploadBytes" : 29023470,
		"totalDownloadBytes" : 164781956
	},
	"64.32.5.173" : {
		"totalUploadBytes" : 15641337,
		"totalDownloadBytes" : 56632958
	},
	"104.160.181.100" : {
		"totalUploadBytes" : 15607500,
		"totalDownloadBytes" : 59449207
	},
	"204.44.88.170" : {
		"totalUploadBytes" : 12179835,
		"totalDownloadBytes" : 68163700
	},
	"107.181.155.44" : {
		"totalUploadBytes" : 20802115,
		"totalDownloadBytes" : 87614032
	},
	"86.110.117.184" : {
		"totalUploadBytes" : 3029088,
		"totalDownloadBytes" : 6263465
	},
	"usa1.haizei.site" : {
		"totalUploadBytes" : 5375654,
		"totalDownloadBytes" : 66230886
	},
	"185.133.43.147" : {
		"totalUploadBytes" : 3500912,
		"totalDownloadBytes" : 89864862
	},
	"ru.wandianda.xyz" : {
		"totalUploadBytes" : 636189,
		"totalDownloadBytes" : 3463766
	},
	"86.110.117.11" : {
		"totalUploadBytes" : 6109868,
		"totalDownloadBytes" : 20788130
	},
	"170.178.165.158" : {
		"totalUploadBytes" : 3908401,
		"totalDownloadBytes" : 11293917
	},
	"204.44.78.172" : {
		"totalUploadBytes" : 879053,
		"totalDownloadBytes" : 2933017
	},
	"167.160.187.147" : {
		"totalUploadBytes" : 947945,
		"totalDownloadBytes" : 1980149
	},
	"194.182.83.29" : {
		"totalUploadBytes" : 731576,
		"totalDownloadBytes" : 885228
	},
	"67.21.94.247" : {
		"totalUploadBytes" : 193163,
		"totalDownloadBytes" : 291116
	},
	"Singapore3.wandianda.xyz" : {
		"totalUploadBytes" : 1258039,
		"totalDownloadBytes" : 5918996
	},
	"usa1.wandianda.xyz" : {
		"totalUploadBytes" : 499216,
		"totalDownloadBytes" : 1291905
	},
	"103.101.153.121" : {
		"totalUploadBytes" : 5956231,
		"totalDownloadBytes" : 68401651
	},
	"185.209.84.143" : {
		"totalUploadBytes" : 12192284,
		"totalDownloadBytes" : 239150955
	},
	"103.94.185.18" : {
		"totalUploadBytes" : 9720936,
		"totalDownloadBytes" : 95199059
	},
	"103.208.85.56" : {
		"totalUploadBytes" : 18949063,
		"totalDownloadBytes" : 178100705
	}
}